"",Unnamed: 0,apartment_id,site_id,building_id,plan_id,floor_id,unit_id,area_id,unit_usage,entity_type,entity_subtype,geom,elevation,height,zoning,roomtype
577966,577966,c2b43863616960a39568b408053a8238,1185,2357,6602,10902,48475.0,469630.0,RESIDENTIAL,area,BALCONY,"POLYGON ((1.8277545818687670 5.6639509279848212, 4.6881710067383349 3.7924863813194456, 4.0766384922227505 2.8577972086183063, 1.2162220673531809 4.7292617552836820, 1.8277545818687670 5.6639509279848212))",8.7,2.6,Zone4,Balcony
577967,577967,c2b43863616960a39568b408053a8238,1185,2357,6602,10902,48475.0,469624.0,RESIDENTIAL,area,KITCHEN,"POLYGON ((-1.0984839819251029 2.8881175798358782, 0.2759431575619171 4.9888434373362527, 2.5533412400318696 3.4988262031565913, 1.1789141005448496 1.3981003456562187, -1.0984839819251029 2.8881175798358782))",8.7,2.6,Zone2,Kitchen
577968,577968,c2b43863616960a39568b408053a8238,1185,2357,6602,10902,48475.0,469635.0,RESIDENTIAL,area,ROOM,"POLYGON ((0.2036006479364492 5.0361744625687193, -2.0493112112146434 1.5927396952995316, -5.1040670835507527 3.5913533461268123, -2.8511552243996601 7.0347881133960000, 0.2036006479364492 5.0361744625687193))",8.7,2.6,Zone1,Bedroom
577969,577969,c2b43863616960a39568b408053a8238,1185,2357,6602,10902,48475.0,469640.0,RESIDENTIAL,area,CORRIDOR,"POLYGON ((-1.9769687015891755 1.5454086700670651, -1.1458150071575712 2.8157750702104076, 2.5449608750690302 0.4010370784896189, 1.7138071806374260 -0.8693293216537237, -1.9769687015891755 1.5454086700670651))",8.7,2.6,Zone2,Corridor
577970,577970,c2b43863616960a39568b408053a8238,1185,2357,6602,10902,48475.0,469632.0,RESIDENTIAL,area,BATHROOM,"POLYGON ((1.2512566101703211 1.3507693204237512, 2.6256837496573411 3.4514951779241239, 3.9667190397885168 2.5741054456154622, 2.5922919003014986 0.4733795881150895, 1.2512566101703211 1.3507693204237512))",8.7,2.6,Zone3,Bathroom
